{"cameraMode":{"drawMode":0,"name":"Shaded","section":"Shading Mode"},"sceneLighting":true,"audioPlay":false,"sceneViewState":{"m_AlwaysRefresh":false,"showFog":true,"showSkybox":true,"showFlares":true,"showImageEffects":true,"showParticleSystems":true,"showVisualEffectGraphs":true,"m_FxEnabled":true},"in2DMode":false,"pivot":{"x":0.08235712349414826,"y":0.5518335103988648,"z":-1.0400341749191285},"rotation":{"x":0.25501057505607607,"y":-0.2858852744102478,"z":0.07921580970287323,"w":0.9203113317489624},"size":4.034667015075684,"orthographic":false}